Symbol,Exchange,Currency
AAPL,SMART,USD
MSFT,SMART,USD
GOOG,SMART,USD
AMZN,SMART,USD
FB,SMART,USD
TSLA,SMART,USD
NVDA,SMART,USD
JPM,SMART,USD
V,SMART,USD
JNJ,SMART,USD
WMT,SMART,USD
UNH,SMART,USD
BAC,SMART,USD
MA,SMART,USD
HD,SMART,USD
PG,SMART,USD
DIS,SMART,USD
PYPL,SMART,USD
ADBE,SMART,USD
NFLX,SMART,USD
CRM,SMART,USD
CMCSA,SMART,USD
XOM,SMART,USD
ORCL,SMART,USD
PFE,SMART,USD
NKE,SMART,USD
CSCO,SMART,USD
KO,SMART,USD
TMO,SMART,USD
VZ,SMART,USD
LLY,SMART,USD
INTC,SMART,USD
DHR,SMART,USD
PEP,SMART,USD
ABT,SMART,USD
MRK,SMART,USD
ACN,SMART,USD
CVX,SMART,USD
AVGO,SMART,USD
COST,SMART,USD
T,SMART,USD
WFC,SMART,USD
ABBV,SMART,USD
MCD,SMART,USD
MS,SMART,USD
TXN,SMART,USD
MDT,SMART,USD
SHOP,SMART,USD
TMUS,SMART,USD
UPS,SMART,USD
NEE,SMART,USD
LIN,SMART,USD
PM,SMART,USD
HON,SMART,USD
INTU,SMART,USD
QCOM,SMART,USD
C,SMART,USD
LOW,SMART,USD
SCHW,SMART,USD
BX,SMART,USD
AXP,SMART,USD
MRNA,SMART,USD
CHTR,SMART,USD
SBUX,SMART,USD
BA,SMART,USD
BMY,SMART,USD
RTX,SMART,USD
UNP,SMART,USD
GS,SMART,USD
IBM,SMART,USD
BLK,SMART,USD
NOW,SMART,USD
AMD,SMART,USD
AMGN,SMART,USD
ISRG,SMART,USD
SNAP,SMART,USD
AMAT,SMART,USD
GE,SMART,USD
EL,SMART,USD
TGT,SMART,USD
CVS,SMART,USD
SQ,SMART,USD
ABNB,SMART,USD
CAT,SMART,USD
DE,SMART,USD
SPGI,SMART,USD
MMM,SMART,USD
SYK,SMART,USD
BKNG,SMART,USD
TEAM,SMART,USD
LMT,SMART,USD
COP,SMART,USD
ZTS,SMART,USD
ANTM,SMART,USD
SNOW,SMART,USD
USB,SMART,USD
ADI,SMART,USD
UBER,SMART,USD
GILD,SMART,USD
BAM,SMART,USD
ADP,SMART,USD
MO,SMART,USD
PNC,SMART,USD
MELI,SMART,USD
MDLZ,SMART,USD
DELL,SMART,USD
TFC,SMART,USD
LRCX,SMART,USD
TJX,SMART,USD
MU,SMART,USD
ZM,SMART,USD
HCA,SMART,USD
MMC,SMART,USD
GM,SMART,USD
CB,SMART,USD
SHW,SMART,USD
FIS,SMART,USD
DUK,SMART,USD
COF,SMART,USD
FISV,SMART,USD
CME,SMART,USD
BDX,SMART,USD
EW,SMART,USD
DASH,SMART,USD
CI,SMART,USD
CSX,SMART,USD
MCO,SMART,USD
AON,SMART,USD
SO,SMART,USD
ITW,SMART,USD
ICE,SMART,USD
CL,SMART,USD
VMW,SMART,USD
WM,SMART,USD
WDAY,SMART,USD
ADSK,SMART,USD
BSX,SMART,USD
ECL,SMART,USD
ATVI,SMART,USD
REGN,SMART,USD
NSC,SMART,USD
ETN,SMART,USD
FDX,SMART,USD
D,SMART,USD
ILMN,SMART,USD
NOC,SMART,USD
TWLO,SMART,USD
APD,SMART,USD
CRWD,SMART,USD
EMR,SMART,USD
F,SMART,USD
GD,SMART,USD
MET,SMART,USD
PGR,SMART,USD
DXCM,SMART,USD
IDXX,SMART,USD
ALGN,SMART,USD
CVNA,SMART,USD
LULU,SMART,USD
CMG,SMART,USD
NXPI,SMART,USD
KLAC,SMART,USD
MAR,SMART,USD
DOCU,SMART,USD
MSCI,SMART,USD
HUM,SMART,USD
TWTR,SMART,USD
MRVL,SMART,USD
JCI,SMART,USD
EOG,SMART,USD
DG,SMART,USD
COIN,SMART,USD
FTNT,SMART,USD
FCX,SMART,USD
EPD,SMART,USD
MNST,SMART,USD
PLTR,SMART,USD
AIG,SMART,USD
PANW,SMART,USD
CPNG,SMART,USD
A,SMART,USD
ROP,SMART,USD
KDP,SMART,USD
INFO,SMART,USD
GPN,SMART,USD
VRTX,SMART,USD
EXC,SMART,USD
TEL,SMART,USD
IQV,SMART,USD
SNPS,SMART,USD
BK,SMART,USD
CARR,SMART,USD
EBAY,SMART,USD
TROW,SMART,USD
KHC,SMART,USD
DDOG,SMART,USD
APH,SMART,USD
KMB,SMART,USD
LHX,SMART,USD
VEEV,SMART,USD
MTCH,SMART,USD
SCCO,SMART,USD
DOW,SMART,USD
RBLX,SMART,USD
SPOT,SMART,USD
NEM,SMART,USD
PXD,SMART,USD
SLB,SMART,USD
CDNS,SMART,USD
BIIB,SMART,USD
ROKU,SMART,USD
MCHP,SMART,USD
ORLY,SMART,USD
PAYX,SMART,USD
TT,SMART,USD
SYY,SMART,USD
APTV,SMART,USD
STZ,SMART,USD
PRU,SMART,USD
EA,SMART,USD
AEP,SMART,USD
BAX,SMART,USD
MPC,SMART,USD
WBA,SMART,USD
CTAS,SMART,USD
SRE,SMART,USD
LCID,SMART,USD
MSI,SMART,USD
CTSH,SMART,USD
ROST,SMART,USD
SIVB,SMART,USD
HLT,SMART,USD
RSG,SMART,USD
KMI,SMART,USD
RMD,SMART,USD
DFS,SMART,USD
TRV,SMART,USD
ALL,SMART,USD
PH,SMART,USD
XLNX,SMART,USD
OKTA,SMART,USD
CNC,SMART,USD
GIS,SMART,USD
YUM,SMART,USD
ZS,SMART,USD
DD,SMART,USD
TDG,SMART,USD
KKR,SMART,USD
IFF,SMART,USD
NET,SMART,USD
HOOD,SMART,USD
U,SMART,USD
AFL,SMART,USD
AZO,SMART,USD
OTIS,SMART,USD
HSY,SMART,USD
FRC,SMART,USD
CSGP,SMART,USD
ROK,SMART,USD
PPG,SMART,USD
PINS,SMART,USD
ADM,SMART,USD
CBRE,SMART,USD
TTD,SMART,USD
XEL,SMART,USD
CPRT,SMART,USD
ODFL,SMART,USD
CMI,SMART,USD
EPAM,SMART,USD
NDAQ,SMART,USD
HPQ,SMART,USD
VRSK,SMART,USD
HUBS,SMART,USD
LUV,SMART,USD
WMB,SMART,USD
LYB,SMART,USD
AFRM,SMART,USD
CTVA,SMART,USD
PSX,SMART,USD
STT,SMART,USD
GLW,SMART,USD
AJG,SMART,USD
SGEN,SMART,USD
RKT,SMART,USD
MDB,SMART,USD
EFX,SMART,USD
ZBH,SMART,USD
WLTW,SMART,USD
WST,SMART,USD
MCK,SMART,USD
PEG,SMART,USD
AWK,SMART,USD
AMP,SMART,USD
KEYS,SMART,USD
PAYC,SMART,USD
FITB,SMART,USD
VLO,SMART,USD
ANSS,SMART,USD
DHI,SMART,USD
GRMN,SMART,USD
FAST,SMART,USD
MPLX,SMART,USD
BLL,SMART,USD
LVS,SMART,USD
KR,SMART,USD
OXY,SMART,USD
CCL,SMART,USD
DAL,SMART,USD
AME,SMART,USD
NUE,SMART,USD
SWK,SMART,USD
SYF,SMART,USD
LEN,SMART,USD
YNDX,SMART,USD
CHWY,SMART,USD
ES,SMART,USD
TSN,SMART,USD
APP,SMART,USD
ZI,SMART,USD
WEC,SMART,USD
PCAR,SMART,USD
BILL,SMART,USD
IBKR,SMART,USD
ZBRA,SMART,USD
SWKS,SMART,USD
LH,SMART,USD
ANET,SMART,USD
PATH,SMART,USD
VFC,SMART,USD
OKE,SMART,USD
ET,SMART,USD
W,SMART,USD
BKR,SMART,USD
PTON,SMART,USD
URI,SMART,USD
BBY,SMART,USD
VIAC,SMART,USD
ETSY,SMART,USD
IT,SMART,USD
EXPE,SMART,USD
ALB,SMART,USD
GNRC,SMART,USD
CDW,SMART,USD
CZR,SMART,USD
CCEP,SMART,USD
FTV,SMART,USD
ED,SMART,USD
KSU,SMART,USD
HES,SMART,USD
LNG,SMART,USD
APO,SMART,USD
DVN,SMART,USD
ABC,SMART,USD
HZNP,SMART,USD
SIRI,SMART,USD
HIG,SMART,USD
YUMC,SMART,USD
AVTR,SMART,USD
DISH,SMART,USD
BIP,SMART,USD
XP,SMART,USD
RCL,SMART,USD
SPLK,SMART,USD
HBAN,SMART,USD
UPST,SMART,USD
VRSN,SMART,USD
TSCO,SMART,USD
WMG,SMART,USD
Z,SMART,USD
VMC,SMART,USD
ALNY,SMART,USD
NTRS,SMART,USD
XM,SMART,USD
DOV,SMART,USD
FOX,SMART,USD
CTLT,SMART,USD
HRL,SMART,USD
MPWR,SMART,USD
MLM,SMART,USD
DLTR,SMART,USD
FLT,SMART,USD
RPRX,SMART,USD
LYV,SMART,USD
XYL,SMART,USD
TRU,SMART,USD
WAT,SMART,USD
K,SMART,USD
DTE,SMART,USD
MGM,SMART,USD
MKC,SMART,USD
PPL,SMART,USD
IR,SMART,USD
KEY,SMART,USD
TRMB,SMART,USD
CRL,SMART,USD
RNG,SMART,USD
ENPH,SMART,USD
EIX,SMART,USD
ICLR,SMART,USD
IP,SMART,USD
CERN,SMART,USD
GWW,SMART,USD
RF,SMART,USD
AEE,SMART,USD
STE,SMART,USD
DT,SMART,USD
KMX,SMART,USD
CFG,SMART,USD
COO,SMART,USD
DKNG,SMART,USD
TDY,SMART,USD
DRI,SMART,USD
NTAP,SMART,USD
CLX,SMART,USD
CHD,SMART,USD
TDOC,SMART,USD
ULTA,SMART,USD
ETR,SMART,USD
EDR,SMART,USD
HAL,SMART,USD
CQP,SMART,USD
QSR,SMART,USD
AMC,SMART,USD
EXPD,SMART,USD
MTB,SMART,USD
PODD,SMART,USD
ON,SMART,USD
OWL,SMART,USD
FE,SMART,USD
RJF,SMART,USD
PKI,SMART,USD
TECH,SMART,USD
BR,SMART,USD
HPE,SMART,USD
TW,SMART,USD
PCG,SMART,USD
STX,SMART,USD
BURL,SMART,USD
AGR,SMART,USD
QRVO,SMART,USD
ASAN,SMART,USD
ALLY,SMART,USD
LYFT,SMART,USD
CINF,SMART,USD
TTWO,SMART,USD
HOLX,SMART,USD
COG,SMART,USD
TER,SMART,USD
AMCR,SMART,USD
TFX,SMART,USD
SSNC,SMART,USD
FANG,SMART,USD
WDC,SMART,USD
PFG,SMART,USD
J,SMART,USD
JBHT,SMART,USD
POOL,SMART,USD
ROL,SMART,USD
DPZ,SMART,USD
DGX,SMART,USD
GPC,SMART,USD
CLR,SMART,USD
GDRX,SMART,USD
AVY,SMART,USD
PAGS,SMART,USD
NUAN,SMART,USD
CMS,SMART,USD
BSY,SMART,USD
HEI,SMART,USD
AKAM,SMART,USD
CDAY,SMART,USD
CE,SMART,USD
CG,SMART,USD
ENTG,SMART,USD
BBWI,SMART,USD
WAB,SMART,USD
UAL,SMART,USD
CFLT,SMART,USD
EXAS,SMART,USD
SBNY,SMART,USD
VTRS,SMART,USD
PPD,SMART,USD
COUP,SMART,USD
PWR,SMART,USD
DLO,SMART,USD
BRO,SMART,USD
CAG,SMART,USD
LBTYA,SMART,USD
IEX,SMART,USD
TXG,SMART,USD
TXT,SMART,USD
OMC,SMART,USD
MKTX,SMART,USD
MOH,SMART,USD
CNP,SMART,USD
PCTY,SMART,USD
RGEN,SMART,USD
DNA,SMART,USD
AES,SMART,USD
AVLR,SMART,USD
LKQ,SMART,USD
ELAN,SMART,USD
BEN,SMART,USD
CHKP,SMART,USD
ACGL,SMART,USD
INCY,SMART,USD
IPG,SMART,USD
MASI,SMART,USD
NLOK,SMART,USD
FDS,SMART,USD
DOCS,SMART,USD
MNDY,SMART,USD
PLUG,SMART,USD
ABMD,SMART,USD
S,SMART,USD
CGNX,SMART,USD
MOS,SMART,USD
SEDG,SMART,USD
L,SMART,USD
CAH,SMART,USD
EVRG,SMART,USD
BMRN,SMART,USD
PTC,SMART,USD
MTN,SMART,USD
AAL,SMART,USD
LUMN,SMART,USD
ZEN,SMART,USD
NWS,SMART,USD
LNT,SMART,USD
NDSN,SMART,USD
EMN,SMART,USD
HWM,SMART,USD
ACI,SMART,USD
ESTC,SMART,USD
MAS,SMART,USD
LDOS,SMART,USD
CLVT,SMART,USD
WRK,SMART,USD
RH,SMART,USD
IEP,SMART,USD
GME,SMART,USD
NVAX,SMART,USD
CTXS,SMART,USD
TECK,SMART,USD
ATH,SMART,USD
FTCH,SMART,USD
PKG,SMART,USD
WRB,SMART,USD
LNC,SMART,USD
CBOE,SMART,USD
CF,SMART,USD
CCK,SMART,USD
AAP,SMART,USD
JLL,SMART,USD
SOFI,SMART,USD
FNF,SMART,USD
WSM,SMART,USD
SJM,SMART,USD
XRAY,SMART,USD
DISCA,SMART,USD
WHR,SMART,USD
LPLA,SMART,USD
SC,SMART,USD
CPB,SMART,USD
FND,SMART,USD
EQH,SMART,USD
OPEN,SMART,USD
FBHS,SMART,USD
MHK,SMART,USD
PENN,SMART,USD
HAS,SMART,USD
DVA,SMART,USD
JKHY,SMART,USD
ARES,SMART,USD
FFIV,SMART,USD
GDDY,SMART,USD
IAC,SMART,USD
PNR,SMART,USD
NVCR,SMART,USD
WLK,SMART,USD
PHM,SMART,USD
DAR,SMART,USD
GGG,SMART,USD
STLD,SMART,USD
ALLE,SMART,USD
FMC,SMART,USD
MQ,SMART,USD
BRKR,SMART,USD
PCOR,SMART,USD
AXON,SMART,USD
TREX,SMART,USD
BG,SMART,USD
QGEN,SMART,USD
ATO,SMART,USD
TRGP,SMART,USD
RHI,SMART,USD
CNA,SMART,USD
UHS,SMART,USD
GLOB,SMART,USD
FICO,SMART,USD
WAL,SMART,USD
CHRW,SMART,USD
WTRG,SMART,USD
PLTK,SMART,USD
DBX,SMART,USD
IVZ,SMART,USD
FIVN,SMART,USD
SNA,SMART,USD
BKI,SMART,USD
MRO,SMART,USD
UWMC,SMART,USD
EWBC,SMART,USD
MRVI,SMART,USD
CMA,SMART,USD
LII,SMART,USD
BLDR,SMART,USD
HSIC,SMART,USD
STNE,SMART,USD
BAH,SMART,USD
GH,SMART,USD
AFG,SMART,USD
DKS,SMART,USD
IS,SMART,USD
XLRN,SMART,USD
WIX,SMART,USD
TPR,SMART,USD
NTRA,SMART,USD
BWA,SMART,USD
CSL,SMART,USD
PEGA,SMART,USD
NCLH,SMART,USD
TTC,SMART,USD
GLBE,SMART,USD
ZION,SMART,USD
FSLR,SMART,USD
TAP,SMART,USD
MMP,SMART,USD
SNX,SMART,USD
RPM,SMART,USD
SCI,SMART,USD
QS,SMART,USD
AGL,SMART,USD
OSH,SMART,USD
DECK,SMART,USD
WYNN,SMART,USD
RE,SMART,USD
LEVI,SMART,USD
NRG,SMART,USD
CHGG,SMART,USD
HRC,SMART,USD
MANH,SMART,USD
NTLA,SMART,USD
GWRE,SMART,USD
CLF,SMART,USD
HUBB,SMART,USD
AOS,SMART,USD
FIVE,SMART,USD
MIDD,SMART,USD
DOX,SMART,USD
PEN,SMART,USD
LAD,SMART,USD
NBIX,SMART,USD
BMBL,SMART,USD
NWL,SMART,USD
MCFE,SMART,USD
CHDN,SMART,USD
NI,SMART,USD
BHVN,SMART,USD
ACM,SMART,USD
LEA,SMART,USD
AGCO,SMART,USD
JEF,SMART,USD
AIZ,SMART,USD
AA,SMART,USD
XPO,SMART,USD
GL,SMART,USD
RUN,SMART,USD
GXO,SMART,USD
CREE,SMART,USD
FHN,SMART,USD
ATUS,SMART,USD
TPX,SMART,USD
ARMK,SMART,USD
CACC,SMART,USD
LW,SMART,USD
JNPR,SMART,USD
RS,SMART,USD
UGI,SMART,USD
SITE,SMART,USD
UA,SMART,USD
PLAN,SMART,USD
SYNH,SMART,USD
BAP,SMART,USD
MRTX,SMART,USD
G,SMART,USD
H,SMART,USD
DLB,SMART,USD
OC,SMART,USD
LSCC,SMART,USD
FLEX,SMART,USD
GPS,SMART,USD
ST,SMART,USD
WES,SMART,USD
BFAM,SMART,USD
CROX,SMART,USD
DXC,SMART,USD
SMAR,SMART,USD
DOCN,SMART,USD
CVAC,SMART,USD
JBL,SMART,USD
VRT,SMART,USD
OVV,SMART,USD
IPGP,SMART,USD
AN,SMART,USD
CRSP,SMART,USD
OGN,SMART,USD
RL,SMART,USD
SEIC,SMART,USD
PSXP,SMART,USD
AZPN,SMART,USD
NTNX,SMART,USD
WU,SMART,USD
UTHR,SMART,USD
KNX,SMART,USD
ARVL,SMART,USD
MKSI,SMART,USD
SGMS,SMART,USD
BERY,SMART,USD
NYT,SMART,USD
CBSH,SMART,USD
SEE,SMART,USD
ARW,SMART,USD
APA,SMART,USD
TTEK,SMART,USD
SMG,SMART,USD
PAG,SMART,USD
ZNGA,SMART,USD
WEX,SMART,USD
PNW,SMART,USD
VST,SMART,USD
CAR,SMART,USD
OLED,SMART,USD
CIEN,SMART,USD
USFD,SMART,USD
AER,SMART,USD
ATR,SMART,USD
GNTX,SMART,USD
JAZZ,SMART,USD
GMED,SMART,USD
HESM,SMART,USD
OLN,SMART,USD
RGA,SMART,USD
RXN,SMART,USD
HII,SMART,USD
EQT,SMART,USD
ALK,SMART,USD
WMS,SMART,USD
CFR,SMART,USD
LECO,SMART,USD
BRKS,SMART,USD
SRPT,SMART,USD
TNDM,SMART,USD
OMF,SMART,USD
PBCT,SMART,USD
DNB,SMART,USD
CPRI,SMART,USD
BC,SMART,USD
PVH,SMART,USD
ALV,SMART,USD
IAA,SMART,USD
YETI,SMART,USD
PFGC,SMART,USD
WH,SMART,USD
ITT,SMART,USD
BYD,SMART,USD
SHC,SMART,USD
CHH,SMART,USD
WWD,SMART,USD
FAF,SMART,USD
THC,SMART,USD
EHC,SMART,USD
TSP,SMART,USD
PII,SMART,USD
PAA,SMART,USD
SF,SMART,USD
PNFP,SMART,USD
KSS,SMART,USD
PSTG,SMART,USD
WSC,SMART,USD
BJ,SMART,USD
DCI,SMART,USD
GTLS,SMART,USD
OSK,SMART,USD
JHG,SMART,USD
PLNT,SMART,USD
WK,SMART,USD
ORI,SMART,USD
RKLB,SMART,USD
BBIO,SMART,USD
PPC,SMART,USD
SYNA,SMART,USD
M,SMART,USD
POST,SMART,USD
VAC,SMART,USD
VOYA,SMART,USD
THO,SMART,USD
CELH,SMART,USD
SWAV,SMART,USD
CFX,SMART,USD
MEDP,SMART,USD
BL,SMART,USD
NLSN,SMART,USD
CASY,SMART,USD
EEFT,SMART,USD
NCNO,SMART,USD
NVST,SMART,USD
FYBR,SMART,USD
CNM,SMART,USD
APPS,SMART,USD
HUN,SMART,USD
BLD,SMART,USD
FOUR,SMART,USD
EXEL,SMART,USD
ROIV,SMART,USD
SPT,SMART,USD
PB,SMART,USD
KRNT,SMART,USD
JCOM,SMART,USD
FVRR,SMART,USD
AXTA,SMART,USD
APPN,SMART,USD
TOL,SMART,USD
FFIN,SMART,USD
BEPC,SMART,USD
COTY,SMART,USD
OMCL,SMART,USD
SNV,SMART,USD
VRNS,SMART,USD
BYND,SMART,USD
TXRH,SMART,USD
MTZ,SMART,USD
SKX,SMART,USD
OGE,SMART,USD
RNR,SMART,USD
CHNG,SMART,USD
MAT,SMART,USD
ARWR,SMART,USD
INSP,SMART,USD
STVN,SMART,USD
PRGO,SMART,USD
ANGI,SMART,USD
TASK,SMART,USD
NXST,SMART,USD
COLM,SMART,USD
IIVI,SMART,USD
HLI,SMART,USD
SAIA,SMART,USD
CCCS,SMART,USD
CANO,SMART,USD
TNET,SMART,USD
SRCL,SMART,USD
EME,SMART,USD
CYBR,SMART,USD
RPD,SMART,USD
BPOP,SMART,USD
PYCR,SMART,USD
FSK,SMART,USD
AMG,SMART,USD
TDC,SMART,USD
RCM,SMART,USD
FRPT,SMART,USD
SLAB,SMART,USD
BOKF,SMART,USD
ADT,SMART,USD
SAM,SMART,USD
RRR,SMART,USD
RGLD,SMART,USD
NYCB,SMART,USD
NVTA,SMART,USD
CHPT,SMART,USD
FOXF,SMART,USD
AYI,SMART,USD
SWCH,SMART,USD
DNLI,SMART,USD
GBCI,SMART,USD
LITE,SMART,USD
ROLL,SMART,USD
ASGN,SMART,USD
MDU,SMART,USD
AMKR,SMART,USD
SPCE,SMART,USD
UPWK,SMART,USD
RBC,SMART,USD
JOBY,SMART,USD
STMP,SMART,USD
FIGS,SMART,USD
CHK,SMART,USD
HBI,SMART,USD
INOV,SMART,USD
YOU,SMART,USD
DCP,SMART,USD
LEG,SMART,USD
INGR,SMART,USD
STAA,SMART,USD
POWI,SMART,USD
EXPI,SMART,USD
LSTR,SMART,USD
WCC,SMART,USD
MAN,SMART,USD
CWEN,SMART,USD
INMD,SMART,USD
AR,SMART,USD
DUOL,SMART,USD
AMBP,SMART,USD
RRC,SMART,USD
ALGM,SMART,USD
MSTR,SMART,USD
EXPO,SMART,USD
BPMC,SMART,USD
LPX,SMART,USD
RARE,SMART,USD
NEO,SMART,USD
CRCT,SMART,USD
SON,SMART,USD
NEP,SMART,USD
HGV,SMART,USD
ACHC,SMART,USD
IART,SMART,USD
GPK,SMART,USD
X,SMART,USD
EVBG,SMART,USD
SPSC,SMART,USD
CLH,SMART,USD
REYN,SMART,USD
COMP,SMART,USD
HALO,SMART,USD
DCT,SMART,USD
ARD,SMART,USD
ALLK,SMART,USD
VNT,SMART,USD
VVV,SMART,USD
IGT,SMART,USD
BEAM,SMART,USD
WOOF,SMART,USD
ZIM,SMART,USD
KBR,SMART,USD
CR,SMART,USD
MP,SMART,USD
MCW,SMART,USD
HOG,SMART,USD
FATE,SMART,USD
EXP,SMART,USD
OZK,SMART,USD
AMBA,SMART,USD
AZEK,SMART,USD
SWN,SMART,USD
QDEL,SMART,USD
NVT,SMART,USD
CZOO,SMART,USD
HQY,SMART,USD
PSFE,SMART,USD
ORCC,SMART,USD
ASH,SMART,USD
VLY,SMART,USD
HFC,SMART,USD
CERT,SMART,USD
ALTR,SMART,USD
ESI,SMART,USD
TFSL,SMART,USD
EVR,SMART,USD
PACW,SMART,USD
MDLA,SMART,USD
SLM,SMART,USD
AMN,SMART,USD
NFE,SMART,USD
SSB,SMART,USD
NCR,SMART,USD
SQSP,SMART,USD
NATI,SMART,USD
DV,SMART,USD
LAZ,SMART,USD
RDFN,SMART,USD
ELY,SMART,USD
CIT,SMART,USD
UNM,SMART,USD
IRDM,SMART,USD
LFST,SMART,USD
IDA,SMART,USD
NOV,SMART,USD
LAZR,SMART,USD
MMS,SMART,USD
MTG,SMART,USD
CW,SMART,USD
CDK,SMART,USD
BWXT,SMART,USD
GT,SMART,USD
TWST,SMART,USD
JBLU,SMART,USD
ADS,SMART,USD
BHG,SMART,USD
PACB,SMART,USD
TLRY,SMART,USD
PGNY,SMART,USD
AM,SMART,USD
HXL,SMART,USD
TMX,SMART,USD
TKR,SMART,USD
ESNT,SMART,USD
TRIP,SMART,USD
WBS,SMART,USD
AB,SMART,USD
HRI,SMART,USD
SMTC,SMART,USD
LZ,SMART,USD
FLO,SMART,USD
WING,SMART,USD
NEGG,SMART,USD
HLF,SMART,USD
HAYW,SMART,USD
NOMD,SMART,USD
KOD,SMART,USD
ALKS,SMART,USD
AYX,SMART,USD
VMEO,SMART,USD
TENB,SMART,USD
WEN,SMART,USD
ICUI,SMART,USD
AMEH,SMART,USD
SAIC,SMART,USD
STL,SMART,USD
FIZZ,SMART,USD
CC,SMART,USD
TNL,SMART,USD
NFG,SMART,USD
SEM,SMART,USD
SHLS,SMART,USD
PWSC,SMART,USD
HHC,SMART,USD
FLYW,SMART,USD
GTES,SMART,USD
WEBR,SMART,USD
LHCG,SMART,USD
FL,SMART,USD
SPR,SMART,USD
DRVN,SMART,USD
VSCO,SMART,USD
TGTX,SMART,USD
ABCL,SMART,USD
UMBF,SMART,USD
APG,SMART,USD
CHX,SMART,USD
AL,SMART,USD
DSEY,SMART,USD
CRUS,SMART,USD
IONS,SMART,USD
UBSI,SMART,USD
CLDR,SMART,USD
NEWR,SMART,USD
FSLY,SMART,USD
AMED,SMART,USD
PINC,SMART,USD
WTFC,SMART,USD
ADPT,SMART,USD
ATC,SMART,USD
PZZA,SMART,USD
NEOG,SMART,USD
SEAS,SMART,USD
JAMF,SMART,USD
FCN,SMART,USD
VIRT,SMART,USD
AWI,SMART,USD
MTDR,SMART,USD
AI,SMART,USD
RVLV,SMART,USD
HLNE,SMART,USD
QTWO,SMART,USD
FLS,SMART,USD
MSGS,SMART,USD
SHLX,SMART,USD
AQUA,SMART,USD
SIGI,SMART,USD
DTM,SMART,USD
JBT,SMART,USD
HRB,SMART,USD
UMPQ,SMART,USD
EYE,SMART,USD
MSM,SMART,USD
CXM,SMART,USD
MTTR,SMART,USD
HE,SMART,USD
MTSI,SMART,USD
ARVN,SMART,USD
VIR,SMART,USD
OCDX,SMART,USD
R,SMART,USD
ETRN,SMART,USD
SFIX,SMART,USD
LPRO,SMART,USD
OPCH,SMART,USD
MC,SMART,USD
CERE,SMART,USD
NSP,SMART,USD
TGNA,SMART,USD
ENV,SMART,USD
AEO,SMART,USD
COUR,SMART,USD
WWE,SMART,USD
FSR,SMART,USD
OLO,SMART,USD
CRI,SMART,USD
MUSA,SMART,USD
MGY,SMART,USD
KMPR,SMART,USD
QLYS,SMART,USD
RDN,SMART,USD
SIG,SMART,USD
LIVN,SMART,USD
SPWR,SMART,USD
AVNT,SMART,USD
PDCE,SMART,USD
MIME,SMART,USD
FEYE,SMART,USD
QRTEA,SMART,USD
JWN,SMART,USD
PNM,SMART,USD
SSTK,SMART,USD
LPSN,SMART,USD
UFPI,SMART,USD
NKLA,SMART,USD
POR,SMART,USD
CWK,SMART,USD
AMRS,SMART,USD
EXLS,SMART,USD
HWC,SMART,USD
UNVR,SMART,USD
NVRO,SMART,USD
SAFM,SMART,USD
RSI,SMART,USD
SPB,SMART,USD
ENSG,SMART,USD
HAIN,SMART,USD
SLGN,SMART,USD
VSAT,SMART,USD
VG,SMART,USD
DIOD,SMART,USD
ATKR,SMART,USD
IOVA,SMART,USD
MMSI,SMART,USD
KFY,SMART,USD
MUR,SMART,USD
PPBI,SMART,USD
SONO,SMART,USD
SABR,SMART,USD
BKU,SMART,USD
SAIL,SMART,USD
HOMB,SMART,USD
SNDR,SMART,USD
BKH,SMART,USD
SWX,SMART,USD
SANA,SMART,USD
ETWO,SMART,USD
LMND,SMART,USD
VTEX,SMART,USD
CWST,SMART,USD
STEP,SMART,USD
SXT,SMART,USD
SITM,SMART,USD
ALRM,SMART,USD
ADNT,SMART,USD
PSTH,SMART,USD
LOPE,SMART,USD
SUM,SMART,USD
PRFT,SMART,USD
NARI,SMART,USD
APAM,SMART,USD
SKLZ,SMART,USD
IBRX,SMART,USD
SIX,SMART,USD
LESL,SMART,USD
OLLI,SMART,USD
CNMD,SMART,USD
AXS,SMART,USD
MSP,SMART,USD
VZIO,SMART,USD
ONEM,SMART,USD
VNE,SMART,USD
SGFY,SMART,USD
EBC,SMART,USD
CARG,SMART,USD
FN,SMART,USD
BHF,SMART,USD
FHB,SMART,USD
MXL,SMART,USD
LTHM,SMART,USD
CSOD,SMART,USD
ABG,SMART,USD
AY,SMART,USD
TROX,SMART,USD
ISBC,SMART,USD
SDGR,SMART,USD
PFSI,SMART,USD
FOCS,SMART,USD
ALSN,SMART,USD
RETA,SMART,USD
FNB,SMART,USD
FELE,SMART,USD
ORA,SMART,USD
AVT,SMART,USD
BRDG,SMART,USD
ATCO,SMART,USD
BOX,SMART,USD
ASO,SMART,USD
FRHC,SMART,USD
RCII,SMART,USD
GENI,SMART,USD
CMC,SMART,USD
MPLN,SMART,USD
KNBE,SMART,USD
MGNI,SMART,USD
CBU,SMART,USD
SUN,SMART,USD
SGRY,SMART,USD
NOVA,SMART,USD
DEN,SMART,USD
ABCB,SMART,USD
WD,SMART,USD
ACIW,SMART,USD
RXRX,SMART,USD
RYAN,SMART,USD
HAE,SMART,USD
ARNA,SMART,USD
MTH,SMART,USD
BRP,SMART,USD
AIMC,SMART,USD
CCMP,SMART,USD
IHRT,SMART,USD
CPA,SMART,USD
BIGC,SMART,USD
KLIC,SMART,USD
VIAV,SMART,USD
REZI,SMART,USD
DDS,SMART,USD
ME,SMART,USD
ENBL,SMART,USD
FTDR,SMART,USD
TRTN,SMART,USD
ONTO,SMART,USD
CWH,SMART,USD
PD,SMART,USD
MATX,SMART,USD
COOP,SMART,USD
KBH,SMART,USD
MIC,SMART,USD
CVLT,SMART,USD
GOLF,SMART,USD
ARNC,SMART,USD
FCFS,SMART,USD
BLKB,SMART,USD
ULCC,SMART,USD
RSKD,SMART,USD
PSN,SMART,USD
SKIN,SMART,USD
FTI,SMART,USD
CDNA,SMART,USD
AAON,SMART,USD
ALLO,SMART,USD
OGS,SMART,USD
AVIR,SMART,USD
AGO,SMART,USD
CRNC,SMART,USD
DDD,SMART,USD
LGIH,SMART,USD
ITRI,SMART,USD
FUBO,SMART,USD
SKY,SMART,USD
DAN,SMART,USD
CCOI,SMART,USD
CRC,SMART,USD
NJR,SMART,USD
FUL,SMART,USD
SHAK,SMART,USD
VNOM,SMART,USD
AJRD,SMART,USD
ENLC,SMART,USD
AEIS,SMART,USD
SMPL,SMART,USD
CBRL,SMART,USD
OSTK,SMART,USD
SI,SMART,USD
BECN,SMART,USD
LAUR,SMART,USD
NKTR,SMART,USD
SM,SMART,USD
BOH,SMART,USD
ASB,SMART,USD
EVTC,SMART,USD
WBT,SMART,USD
SHOO,SMART,USD
EVCM,SMART,USD
TPTX,SMART,USD
VCYT,SMART,USD
MARA,SMART,USD
CATY,SMART,USD
MDC,SMART,USD
TMHC,SMART,USD
SFNC,SMART,USD
RAMP,SMART,USD
MANU,SMART,USD
ENS,SMART,USD
INST,SMART,USD
NUVA,SMART,USD
SEMR,SMART,USD
ZIP,SMART,USD
NSIT,SMART,USD
NAVI,SMART,USD
SR,SMART,USD
TSEM,SMART,USD
TRUP,SMART,USD
BE,SMART,USD
HI,SMART,USD
ATRC,SMART,USD
BCO,SMART,USD
CLOV,SMART,USD
CALX,SMART,USD
IAS,SMART,USD
PRTA,SMART,USD
GEF,SMART,USD
FHI,SMART,USD
LYEL,SMART,USD
FROG,SMART,USD
IBP,SMART,USD
AWR,SMART,USD
AMRC,SMART,USD
ABM,SMART,USD
INSM,SMART,USD
ALHC,SMART,USD
BXS,SMART,USD
BLND,SMART,USD
SSRM,SMART,USD
ITCI,SMART,USD
LGF A,SMART,USD
AX,SMART,USD
FA,SMART,USD
ALE,SMART,USD
ADGI,SMART,USD
TCBI,SMART,USD
STEM,SMART,USD
MCY,SMART,USD
CNO,SMART,USD
WISH,SMART,USD
AHCO,SMART,USD
AXNX,SMART,USD
HP,SMART,USD
PHR,SMART,USD
FLOW,SMART,USD
KYMR,SMART,USD
CYTK,SMART,USD
LILA,SMART,USD
SWTX,SMART,USD
COLB,SMART,USD
PSEC,SMART,USD
OSCR,SMART,USD
PDCO,SMART,USD
KW,SMART,USD
CWT,SMART,USD
ZNTL,SMART,USD
RXT,SMART,USD
TEX,SMART,USD
CYRX,SMART,USD
ALXO,SMART,USD
MLHR,SMART,USD
URBN,SMART,USD
NWE,SMART,USD
VERX,SMART,USD
WERN,SMART,USD
VRM,SMART,USD
WHD,SMART,USD
RNW,SMART,USD
VSH,SMART,USD
HL,SMART,USD
KMT,SMART,USD
EBS,SMART,USD
VRNT,SMART,USD
KTB,SMART,USD
PAYO,SMART,USD
FORM,SMART,USD
AUB,SMART,USD
NGVT,SMART,USD
FFIE,SMART,USD
CBT,SMART,USD
KEX,SMART,USD
MNTV,SMART,USD
YELP,SMART,USD
JW A,SMART,USD
APLS,SMART,USD
SAVE,SMART,USD
PAY,SMART,USD
LOB,SMART,USD
MMYT,SMART,USD
NMRK,SMART,USD
UCBI,SMART,USD
CRTX,SMART,USD
MDP,SMART,USD
PRG,SMART,USD
CTKB,SMART,USD
ONB,SMART,USD
MAIN,SMART,USD
LILM,SMART,USD
GDOT,SMART,USD
CADE,SMART,USD
ACCD,SMART,USD
FBC,SMART,USD
FBP,SMART,USD
CNNE,SMART,USD
LAW,SMART,USD
ACAD,SMART,USD
CVBF,SMART,USD
AUPH,SMART,USD
KTOS,SMART,USD
EVH,SMART,USD
EAF,SMART,USD
CDLX,SMART,USD
AEL,SMART,USD
PBH,SMART,USD
CSTM,SMART,USD
UFS,SMART,USD
UNFI,SMART,USD
TRN,SMART,USD
THRM,SMART,USD
GSAT,SMART,USD
LC,SMART,USD
COMM,SMART,USD
ACVA,SMART,USD
RLAY,SMART,USD
CNX,SMART,USD
ENVX,SMART,USD
ADV,SMART,USD
DOMO,SMART,USD
AGIO,SMART,USD
MRCY,SMART,USD
SCPL,SMART,USD
IBOC,SMART,USD
WOR,SMART,USD
FUN,SMART,USD
EDIT,SMART,USD
FOLD,SMART,USD
AVA,SMART,USD
EGHT,SMART,USD
ENR,SMART,USD
VC,SMART,USD
HTH,SMART,USD
BIPC,SMART,USD
GBDC,SMART,USD
CVA,SMART,USD
SHCR,SMART,USD
BOOT,SMART,USD
VAL,SMART,USD
PTCT,SMART,USD
SAGE,SMART,USD
NAPA,SMART,USD
MCG,SMART,USD
SWI,SMART,USD
BDC,SMART,USD
BRC,SMART,USD
TBK,SMART,USD
WGO,SMART,USD
SKYW,SMART,USD
ERAS,SMART,USD
INDB,SMART,USD
CLDX,SMART,USD
SBLK,SMART,USD
CAKE,SMART,USD
HIPO,SMART,USD
TWOU,SMART,USD
REGI,SMART,USD
SANM,SMART,USD
CVET,SMART,USD
SPXC,SMART,USD
FULT,SMART,USD
PCRX,SMART,USD
FIBK,SMART,USD
MKTW,SMART,USD
AGTI,SMART,USD
BSM,SMART,USD
HCAT,SMART,USD
RCUS,SMART,USD
SFM,SMART,USD
WWW,SMART,USD
RIOT,SMART,USD
FTAI,SMART,USD
FLGT,SMART,USD
MYGN,SMART,USD
ACA,SMART,USD
RIG,SMART,USD
MGLN,SMART,USD
COOK,SMART,USD
WSFS,SMART,USD
MD,SMART,USD
CRSR,SMART,USD
XMTR,SMART,USD
TIL,SMART,USD
BCRX,SMART,USD
MVST,SMART,USD
SBGI,SMART,USD
PRVA,SMART,USD
OPK,SMART,USD
VRRM,SMART,USD
TPH,SMART,USD
RMBS,SMART,USD
CRK,SMART,USD
ARRY,SMART,USD
MWA,SMART,USD
AAWW,SMART,USD
SAVA,SMART,USD
FSS,SMART,USD
CIFR,SMART,USD
EAT,SMART,USD
SJI,SMART,USD
OMI,SMART,USD
MSGE,SMART,USD
CNK,SMART,USD
JELD,SMART,USD
MLI,SMART,USD
VERV,SMART,USD
HUBG,SMART,USD
BLMN,SMART,USD
DNUT,SMART,USD
WKME,SMART,USD
RPAY,SMART,USD
FLR,SMART,USD
WAFD,SMART,USD
BALY,SMART,USD
FCEL,SMART,USD
VSTO,SMART,USD
VCEL,SMART,USD
TTGT,SMART,USD
OI,SMART,USD
EVRI,SMART,USD
CPE,SMART,USD
LEV,SMART,USD
DOMA,SMART,USD
WLL,SMART,USD
FRME,SMART,USD
TOWN,SMART,USD
CTOS,SMART,USD
CORT,SMART,USD
WSBC,SMART,USD
ANF,SMART,USD
LBRT,SMART,USD
NABL,SMART,USD
OM,SMART,USD
TWNK,SMART,USD
FFBC,SMART,USD
NG,SMART,USD
PAX,SMART,USD
GOGL,SMART,USD
GKOS,SMART,USD
CMP,SMART,USD
SATS,SMART,USD
LGND,SMART,USD
UTZ,SMART,USD
IRBT,SMART,USD
SNBR,SMART,USD
CCCC,SMART,USD
TSE,SMART,USD
ODP,SMART,USD
SAH,SMART,USD
THS,SMART,USD
DY,SMART,USD
SASR,SMART,USD
GTN,SMART,USD
ATI,SMART,USD
FMBI,SMART,USD
NUVB,SMART,USD
BAND,SMART,USD
HLMN,SMART,USD
EVGO,SMART,USD
HRMY,SMART,USD
PRGS,SMART,USD
ASTR,SMART,USD
NSTG,SMART,USD
B,SMART,USD
IRWD,SMART,USD
ARCB,SMART,USD
AMWL,SMART,USD
AVAV,SMART,USD
BCC,SMART,USD
PACK,SMART,USD
JACK,SMART,USD
ATAI,SMART,USD
RVMD,SMART,USD
SLQT,SMART,USD
GCMG,SMART,USD
PTRA,SMART,USD
SDC,SMART,USD
SLGC,SMART,USD
ZUO,SMART,USD
SEER,SMART,USD
ROVR,SMART,USD
TDS,SMART,USD
TR,SMART,USD
PAGP,SMART,USD
CCS,SMART,USD
RLGY,SMART,USD
GSKY,SMART,USD
MAXR,SMART,USD
BGCP,SMART,USD
ACMR,SMART,USD
NUS,SMART,USD
PING,SMART,USD
BSIG,SMART,USD
RNST,SMART,USD
RAVN,SMART,USD
VGR,SMART,USD
CSIQ,SMART,USD
SRNE,SMART,USD
GO,SMART,USD
TRMK,SMART,USD
GOGO,SMART,USD
STGW,SMART,USD
XPEL,SMART,USD
LDI,SMART,USD
ADCT,SMART,USD
BANF,SMART,USD
LICY,SMART,USD
BKE,SMART,USD
ARQQ,SMART,USD
NMIH,SMART,USD
OPAD,SMART,USD
SNCY,SMART,USD
MYOV,SMART,USD
EPC,SMART,USD
PLAY,SMART,USD
NTCT,SMART,USD
CLBK,SMART,USD
RVNC,SMART,USD
AMCX,SMART,USD
VVNT,SMART,USD
DCPH,SMART,USD
OAS,SMART,USD
INT,SMART,USD
XPER,SMART,USD
HEP,SMART,USD
VBTX,SMART,USD
BTU,SMART,USD
FLWS,SMART,USD
GNW,SMART,USD
MORF,SMART,USD
XNCR,SMART,USD
CDEV,SMART,USD
PRAA,SMART,USD
KAR,SMART,USD
BGS,SMART,USD
TDUP,SMART,USD
EWCZ,SMART,USD
ATSG,SMART,USD
EQX,SMART,USD
SBCF,SMART,USD
CMRE,SMART,USD
DVAX,SMART,USD
RCKT,SMART,USD
SBH,SMART,USD
MLNK,SMART,USD
GMS,SMART,USD
MNRO,SMART,USD
ASZ,SMART,USD
HTGC,SMART,USD
POSH,SMART,USD
BANR,SMART,USD
MAPS,SMART,USD
ALEC,SMART,USD
UCTT,SMART,USD
ASTS,SMART,USD
EB,SMART,USD
TLS,SMART,USD
DM,SMART,USD
HCSG,SMART,USD
TBLA,SMART,USD
SMCI,SMART,USD
SILK,SMART,USD
CNR,SMART,USD
GSBD,SMART,USD
GPRE,SMART,USD
QTRX,SMART,USD
TELL,SMART,USD
IONQ,SMART,USD
ATGE,SMART,USD
GDYN,SMART,USD
CLNE,SMART,USD
PFS,SMART,USD
PRLB,SMART,USD
GVA,SMART,USD
TREE,SMART,USD
BFLY,SMART,USD
SWIM,SMART,USD
UP,SMART,USD
MEG,SMART,USD
SMFR,SMART,USD
LKFN,SMART,USD
GWB,SMART,USD
CODI,SMART,USD
HOPE,SMART,USD
EPAY,SMART,USD
HMHC,SMART,USD
CEQP,SMART,USD
PTEN,SMART,USD
CAMT,SMART,USD
SUMO,SMART,USD
RTLR,SMART,USD
MVIS,SMART,USD
NS,SMART,USD
STRA,SMART,USD
TGH,SMART,USD
MNTK,SMART,USD
BLFS,SMART,USD
LNTH,SMART,USD
INFN,SMART,USD
UIS,SMART,USD
CBZ,SMART,USD
BODY,SMART,USD
ORGO,SMART,USD
CLBT,SMART,USD
BTRS,SMART,USD
AVYA,SMART,USD
CALM,SMART,USD
GSM,SMART,USD
WOW,SMART,USD
ISEE,SMART,USD
CASH,SMART,USD
KN,SMART,USD
SCWX,SMART,USD
IRTC,SMART,USD
NWBI,SMART,USD
RGNX,SMART,USD
JBI,SMART,USD
GOEV,SMART,USD
MDRX,SMART,USD
MHO,SMART,USD
CVI,SMART,USD
CDXS,SMART,USD
KAHC,SMART,USD
DAC,SMART,USD
FOE,SMART,USD
CURV,SMART,USD
ML,SMART,USD
BBBY,SMART,USD
AMRX,SMART,USD
NE,SMART,USD
HNI,SMART,USD
HMN,SMART,USD
PAR,SMART,USD
HYFM,SMART,USD
SCU,SMART,USD
AEVA,SMART,USD
DFH,SMART,USD
PBF,SMART,USD
RILY,SMART,USD
PRCH,SMART,USD
CRS,SMART,USD
GCP,SMART,USD
CSTL,SMART,USD
GBT,SMART,USD
TSLX,SMART,USD
ECVT,SMART,USD
GOCO,SMART,USD
PRO,SMART,USD
DNMR,SMART,USD
CFFN,SMART,USD
MEI,SMART,USD
SHEN,SMART,USD
CYH,SMART,USD
ACLS,SMART,USD
BV,SMART,USD
CDE,SMART,USD
HYZN,SMART,USD
ALVR,SMART,USD
RUBY,SMART,USD
NGM,SMART,USD
LTCH,SMART,USD
FRTA,SMART,USD
MTOR,SMART,USD
VCRA,SMART,USD
INDI,SMART,USD
DRNA,SMART,USD
SKIL,SMART,USD
TBBK,SMART,USD
RDWR,SMART,USD
ASPN,SMART,USD
DLX,SMART,USD
MMAT,SMART,USD
KDMN,SMART,USD
OXM,SMART,USD
COHU,SMART,USD
VLD,SMART,USD
RDNT,SMART,USD
FDP,SMART,USD
CYXT,SMART,USD
YEXT,SMART,USD
SENS,SMART,USD
ELF,SMART,USD
INTA,SMART,USD
OPRX,SMART,USD
DAWN,SMART,USD
VLTA,SMART,USD
TVTX,SMART,USD
SPNT,SMART,USD
ECPG,SMART,USD
TTCF,SMART,USD
SSP,SMART,USD
AVNS,SMART,USD
MBUU,SMART,USD
BCEI,SMART,USD
AVPT,SMART,USD
PCT,SMART,USD
XOG,SMART,USD
PRLD,SMART,USD
DIN,SMART,USD
ARCH,SMART,USD
BGRY,SMART,USD
LRN,SMART,USD
HIMS,SMART,USD
ATRA,SMART,USD
NFH,SMART,USD
NOG,SMART,USD
QURE,SMART,USD
GLNG,SMART,USD
GRWG,SMART,USD
FRG,SMART,USD
KRO,SMART,USD
KRA,SMART,USD
REE,SMART,USD
AVAH,SMART,USD
ARLP,SMART,USD
DOLE,SMART,USD
IPOF,SMART,USD
BNGO,SMART,USD
SSYS,SMART,USD
JRVR,SMART,USD
ZY,SMART,USD
LZB,SMART,USD
CNDT,SMART,USD
SCS,SMART,USD
SUPN,SMART,USD
WFRD,SMART,USD
GPRO,SMART,USD
GFF,SMART,USD
HYLN,SMART,USD
GBX,SMART,USD
BUSE,SMART,USD
GNOG,SMART,USD
OMP,SMART,USD
GDEN,SMART,USD
GBIO,SMART,USD
PRPL,SMART,USD
GIII,SMART,USD
PLYA,SMART,USD
GES,SMART,USD
INO,SMART,USD
CUBI,SMART,USD
BPMP,SMART,USD
OII,SMART,USD
SHYF,SMART,USD
PAYA,SMART,USD
FXLV,SMART,USD
LUNG,SMART,USD
BIG,SMART,USD
HLLY,SMART,USD
HSC,SMART,USD
NRIX,SMART,USD
OCGN,SMART,USD
REPL,SMART,USD
SNDL,SMART,USD
JYNT,SMART,USD
DCOM,SMART,USD
CGNT,SMART,USD
LPI,SMART,USD
PMVP,SMART,USD
PCVX,SMART,USD
RBOT,SMART,USD
TTMI,SMART,USD
TGP,SMART,USD
PI,SMART,USD
ZYME,SMART,USD
CSII,SMART,USD
CCO,SMART,USD
TGI,SMART,USD
CLB,SMART,USD
SGMO,SMART,USD
FCF,SMART,USD
CRBU,SMART,USD
EXTR,SMART,USD
GEVO,SMART,USD
PRIM,SMART,USD
DK,SMART,USD
OFG,SMART,USD
KLTR,SMART,USD
AVID,SMART,USD
GDEV,SMART,USD
BHLB,SMART,USD
PBI,SMART,USD
ENVA,SMART,USD
AVO,SMART,USD
NLST,SMART,USD
BLI,SMART,USD
OCFC,SMART,USD
ROOT,SMART,USD
HCC,SMART,USD
MGNX,SMART,USD
AROC,SMART,USD
BASE,SMART,USD
WW,SMART,USD
PUBM,SMART,USD
HEES,SMART,USD
CDMO,SMART,USD
OCSL,SMART,USD
BLUE,SMART,USD
EPAC,SMART,USD
AXSM,SMART,USD
MRTN,SMART,USD
ARKO,SMART,USD
CCXI,SMART,USD
CHEF,SMART,USD
YMAB,SMART,USD
HTLD,SMART,USD
VEI,SMART,USD
PRA,SMART,USD
HOLI,SMART,USD
TPIC,SMART,USD
VIEW,SMART,USD
ECHO,SMART,USD
KURA,SMART,USD
ARQT,SMART,USD
JWSM,SMART,USD
CENX,SMART,USD
CHRS,SMART,USD
KOS,SMART,USD
SNPO,SMART,USD
ATEC,SMART,USD
RADI,SMART,USD
IPSC,SMART,USD
SCHN,SMART,USD
APR,SMART,USD
GEL,SMART,USD
AGEN,SMART,USD
PWP,SMART,USD
BRBR,SMART,USD
TEN,SMART,USD
ARCE,SMART,USD
EVOP,SMART,USD
AAC,SMART,USD
RTPY,SMART,USD
CYDY,SMART,USD
BRKL,SMART,USD
ACEL,SMART,USD
PLCE,SMART,USD
IMGN,SMART,USD
AIR,SMART,USD
BLNK,SMART,USD
KRON,SMART,USD
DFIN,SMART,USD
FFWM,SMART,USD
IRNT,SMART,USD
BKD,SMART,USD
ASIX,SMART,USD
TALO,SMART,USD
INVA,SMART,USD
OUST,SMART,USD
RIDE,SMART,USD
HA,SMART,USD
REAL,SMART,USD
PGTI,SMART,USD
TVTY,SMART,USD
VLDR,SMART,USD
ZETA,SMART,USD
IMAX,SMART,USD
ARCT,SMART,USD
TMC,SMART,USD
BARK,SMART,USD
NUVL,SMART,USD
FREY,SMART,USD
LASR,SMART,USD
NESR,SMART,USD
SGHT,SMART,USD
ICHR,SMART,USD
BKSY,SMART,USD
ICVX,SMART,USD
OLMA,SMART,USD
MKFG,SMART,USD
TNGX,SMART,USD
BHIL,SMART,USD
QSI,SMART,USD
ABSI,SMART,USD
VRAY,SMART,USD
REVG,SMART,USD
OEC,SMART,USD
FMTX,SMART,USD
HUMA,SMART,USD
STNG,SMART,USD
RES,SMART,USD
MNKD,SMART,USD
VECO,SMART,USD
MNRL,SMART,USD
DHT,SMART,USD
VREX,SMART,USD
IDT,SMART,USD
FULC,SMART,USD
ERII,SMART,USD
AZRE,SMART,USD
HZO,SMART,USD
AMWD,SMART,USD
SRRK,SMART,USD
HRTX,SMART,USD
DENN,SMART,USD
NWBO,SMART,USD
SGH,SMART,USD
POLY,SMART,USD
NNOX,SMART,USD
SFL,SMART,USD
EBSB,SMART,USD
EHTH,SMART,USD
PROC,SMART,USD
TUP,SMART,USD
CGEM,SMART,USD
MAX,SMART,USD
ARCO,SMART,USD
TGLS,SMART,USD
KNTE,SMART,USD
HIBB,SMART,USD
LWLG,SMART,USD
PRPB,SMART,USD
ACRS,SMART,USD
RNA,SMART,USD
GRBK,SMART,USD
CERS,SMART,USD
PGEN,SMART,USD
DBI,SMART,USD
CPUH,SMART,USD
AGRO,SMART,USD
ATEN,SMART,USD
BCAB,SMART,USD
ECOL,SMART,USD
ZUMZ,SMART,USD
BJRI,SMART,USD
SPIR,SMART,USD
THRY,SMART,USD
COWN,SMART,USD
LOVE,SMART,USD
SKYT,SMART,USD
KAMN,SMART,USD
GGPI,SMART,USD
AMR,SMART,USD
CRHC,SMART,USD
AXL,SMART,USD
ANGO,SMART,USD
IMVT,SMART,USD
TBI,SMART,USD
PLBY,SMART,USD
LFG,SMART,USD
NEX,SMART,USD
SWBI,SMART,USD
AMTI,SMART,USD
APSG,SMART,USD
CMBM,SMART,USD
INGN,SMART,USD
VTOL,SMART,USD
GOSS,SMART,USD
GLDD,SMART,USD
NTGR,SMART,USD
VNDA,SMART,USD
GCI,SMART,USD
AUS,SMART,USD
IDYA,SMART,USD
KRNY,SMART,USD
FNMA,SMART,USD
CEIX,SMART,USD
BANC,SMART,USD
SPH,SMART,USD
QNST,SMART,USD
BHE,SMART,USD
CAI,SMART,USD
GRPH,SMART,USD
ORGN,SMART,USD
ABML,SMART,USD
NXGN,SMART,USD
MASS,SMART,USD
INSW,SMART,USD
RFP,SMART,USD
PARR,SMART,USD
PUMP,SMART,USD
FNKO,SMART,USD
FGEN,SMART,USD
RKLY,SMART,USD
GSAH,SMART,USD
ITOS,SMART,USD
SNDX,SMART,USD
BY,SMART,USD
RAPT,SMART,USD
OSW,SMART,USD
DMTK,SMART,USD
IDEX,SMART,USD
SCVL,SMART,USD
KROS,SMART,USD
ONTF,SMART,USD
LXU,SMART,USD
GLUE,SMART,USD
JANX,SMART,USD
NGMS,SMART,USD
AMPH,SMART,USD
DRQ,SMART,USD
MCF,SMART,USD
HNST,SMART,USD
CONX,SMART,USD
TILE,SMART,USD
SCSC,SMART,USD
AAN,SMART,USD
TPB,SMART,USD
INNV,SMART,USD
WKHS,SMART,USD
ADTN,SMART,USD
LBAI,SMART,USD
XENT,SMART,USD
TNYA,SMART,USD
NRDY,SMART,USD
GCO,SMART,USD
TMDX,SMART,USD
CNSL,SMART,USD
RBBN,SMART,USD
VXRT,SMART,USD
NMM,SMART,USD
HLIT,SMART,USD
ELMS,SMART,USD
STRO,SMART,USD
RANI,SMART,USD
STTK,SMART,USD
GSL,SMART,USD
CELU,SMART,USD
CARS,SMART,USD
NKTX,SMART,USD
NFBK,SMART,USD
KRP,SMART,USD
CAL,SMART,USD
ZGNX,SMART,USD
DNOW,SMART,USD
OB,SMART,USD
EVLV,SMART,USD
PSNL,SMART,USD
RYI,SMART,USD
PRAX,SMART,USD
PLL,SMART,USD
BTAI,SMART,USD
XL,SMART,USD
LGV,SMART,USD
GNK,SMART,USD
ACCO,SMART,USD
PTGX,SMART,USD
PRTY,SMART,USD
MNTS,SMART,USD
MITK,SMART,USD
VIVO,SMART,USD
OPFI,SMART,USD
OMIC,SMART,USD
RMNI,SMART,USD
WETF,SMART,USD
AOSL,SMART,USD
GTS,SMART,USD
PLAB,SMART,USD
MX,SMART,USD
PRTS,SMART,USD
DYN,SMART,USD
CMAX,SMART,USD
CRNX,SMART,USD
BVS,SMART,USD
PBFX,SMART,USD
DBD,SMART,USD
DESP,SMART,USD
GPRK,SMART,USD
ESTE,SMART,USD
CCRN,SMART,USD
TCPC,SMART,USD
VERI,SMART,USD
CSV,SMART,USD
ENDP,SMART,USD
ORIC,SMART,USD
OCUL,SMART,USD
GATO,SMART,USD
MAXN,SMART,USD
SPTN,SMART,USD
FVIV,SMART,USD
LIDR,SMART,USD
MTW,SMART,USD
KNSA,SMART,USD
VBIV,SMART,USD
HONE,SMART,USD
OSPN,SMART,USD
XOS,SMART,USD
WNC,SMART,USD
SPWH,SMART,USD
LE,SMART,USD
AKRO,SMART,USD
RAD,SMART,USD
NAUT,SMART,USD
OSUR,SMART,USD
LIND,SMART,USD
MERC,SMART,USD
LQDT,SMART,USD
ECOM,SMART,USD
BCOR,SMART,USD
ZVIA,SMART,USD
CARA,SMART,USD
RUTH,SMART,USD
EOSE,SMART,USD
CTLP,SMART,USD
PRDO,SMART,USD
KELYA,SMART,USD
DSP,SMART,USD
RPID,SMART,USD
INVZ,SMART,USD
ETAC,SMART,USD
IMRX,SMART,USD
TKNO,SMART,USD
PETQ,SMART,USD
MOV,SMART,USD
ATIP,SMART,USD
SIBN,SMART,USD
MGI,SMART,USD
CRIS,SMART,USD
CURO,SMART,USD
SVFA,SMART,USD
AFMD,SMART,USD
NX,SMART,USD
CGBD,SMART,USD
BTWN,SMART,USD
BLDE,SMART,USD
BBDC,SMART,USD
MBI,SMART,USD
FI,SMART,USD
ANNX,SMART,USD
IMGO,SMART,USD
HTBK,SMART,USD
VITL,SMART,USD
COLL,SMART,USD
RBAC,SMART,USD
UEC,SMART,USD
PAVM,SMART,USD
FDMT,SMART,USD
EGLE,SMART,USD
FPAC,SMART,USD
INSG,SMART,USD
LXRX,SMART,USD
GRPN,SMART,USD
POWW,SMART,USD
DTIL,SMART,USD
TPC,SMART,USD
MRSN,SMART,USD
PNT,SMART,USD
CVGW,SMART,USD
CMLT,SMART,USD
SPAQ,SMART,USD
CONN,SMART,USD
ORMP,SMART,USD
HZAC,SMART,USD
AMBC,SMART,USD
VERU,SMART,USD
SUNL,SMART,USD
VUZI,SMART,USD
MDXG,SMART,USD
TRHC,SMART,USD
CTRN,SMART,USD
ALGS,SMART,USD
MCRB,SMART,USD
LVOX,SMART,USD
SLCA,SMART,USD
GAN,SMART,USD
STRL,SMART,USD
RYTM,SMART,USD
CYT,SMART,USD
RMO,SMART,USD
IMXI,SMART,USD
APPH,SMART,USD
AGC,SMART,USD
HZON,SMART,USD
FTCI,SMART,USD
XENE,SMART,USD
ZEV,SMART,USD
EVC,SMART,USD
NEWT,SMART,USD
HLX,SMART,USD
SB,SMART,USD
VYGG,SMART,USD
RDUS,SMART,USD
FOSL,SMART,USD
AMTX,SMART,USD
ATRS,SMART,USD
PLRX,SMART,USD
TMST,SMART,USD
METC,SMART,USD
MRC,SMART,USD
VRS,SMART,USD
XPOF,SMART,USD
ABOS,SMART,USD
MOD,SMART,USD
OWLT,SMART,USD
NAKD,SMART,USD
PERI,SMART,USD
HVT,SMART,USD
CNVY,SMART,USD
VWE,SMART,USD
BOWX,SMART,USD
ETD,SMART,USD
RIGL,SMART,USD
TITN,SMART,USD
BYSI,SMART,USD
ALBO,SMART,USD
SGOC,SMART,USD
BBIG,SMART,USD
CASA,SMART,USD
MIRM,SMART,USD
DSKE,SMART,USD
KDNY,SMART,USD
CHS,SMART,USD
BRY,SMART,USD
WTTR,SMART,USD
BW,SMART,USD
TALK,SMART,USD
IPOD,SMART,USD
SFT,SMART,USD
SWIR,SMART,USD
GTHX,SMART,USD
VOR,SMART,USD
SIGA,SMART,USD
CURI,SMART,USD
RDW,SMART,USD
SPRO,SMART,USD
RFL,SMART,USD
SEAH,SMART,USD
PAE,SMART,USD
MYPS,SMART,USD
RSVR,SMART,USD
VSTM,SMART,USD
ZOM,SMART,USD
EVER,SMART,USD
AUD,SMART,USD
WTI,SMART,USD
MCS,SMART,USD
PASG,SMART,USD
ATOM,SMART,USD
BZH,SMART,USD
KODK,SMART,USD
TBPH,SMART,USD
NDLS,SMART,USD
VAPO,SMART,USD
QUOT,SMART,USD
PETS,SMART,USD
CMRX,SMART,USD
BGFV,SMART,USD
AERI,SMART,USD
FMCC,SMART,USD
HAAC,SMART,USD
LL,SMART,USD
SXC,SMART,USD
CPRX,SMART,USD
GRTS,SMART,USD
ARLO,SMART,USD
EFTR,SMART,USD
OMER,SMART,USD
TRIT,SMART,USD
RGP,SMART,USD
RADA,SMART,USD
KVSB,SMART,USD
EPZM,SMART,USD
CLVS,SMART,USD
PLXP,SMART,USD
DSPG,SMART,USD
DSX,SMART,USD
PV,SMART,USD
PRQR,SMART,USD
BNED,SMART,USD
ALPP,SMART,USD
VTGN,SMART,USD
ELYM,SMART,USD
XONE,SMART,USD
LKCO,SMART,USD
BYRN,SMART,USD
ALDX,SMART,USD
LPG,SMART,USD
MOTV,SMART,USD
XXII,SMART,USD
SNRH,SMART,USD
ICPT,SMART,USD
GILT,SMART,USD
KPLT,SMART,USD
TCS,SMART,USD
HHLA,SMART,USD
CGEN,SMART,USD
TNK,SMART,USD
PFLT,SMART,USD
IEA,SMART,USD
BOLT,SMART,USD
SMMT,SMART,USD
NSTB,SMART,USD
AKTS,SMART,USD
SD,SMART,USD
MBAC,SMART,USD
AKBA,SMART,USD
RYAM,SMART,USD
ACIU,SMART,USD
CVM,SMART,USD
AVTE,SMART,USD
NOTV,SMART,USD
BXC,SMART,USD
MUX,SMART,USD
MIMO,SMART,USD
SELB,SMART,USD
DIBS,SMART,USD
VKTX,SMART,USD
AVD,SMART,USD
KOPN,SMART,USD
REKR,SMART,USD
ALT,SMART,USD
GTX,SMART,USD
NGCA,SMART,USD
BTX,SMART,USD
JOAN,SMART,USD
NRXP,SMART,USD
PRTH,SMART,USD
KLR,SMART,USD
BCOV,SMART,USD
FLDM,SMART,USD
MRAC,SMART,USD
CVLG,SMART,USD
TPGY,SMART,USD
MILE,SMART,USD
NPTN,SMART,USD
HEAR,SMART,USD
DCRC,SMART,USD
CUE,SMART,USD
DLTH,SMART,USD
NAT,SMART,USD
TWI,SMART,USD
PVAC,SMART,USD
ADN,SMART,USD
TLYS,SMART,USD
CLSK,SMART,USD
KPTI,SMART,USD
FIXX,SMART,USD
BTBT,SMART,USD
GERN,SMART,USD
FREE,SMART,USD
PNNT,SMART,USD
MGTA,SMART,USD
PSTX,SMART,USD
XPDI,SMART,USD
MRNS,SMART,USD
CIDM,SMART,USD
FLMN,SMART,USD
LCTX,SMART,USD
LOTZ,SMART,USD
KURI,SMART,USD
DMYQ,SMART,USD
ASXC,SMART,USD
HCIC,SMART,USD
GLBL,SMART,USD
EZPW,SMART,USD
PPGH,SMART,USD
KBAL,SMART,USD
ABUS,SMART,USD
KALV,SMART,USD
LUXA,SMART,USD
TG,SMART,USD
FUV,SMART,USD
CDXC,SMART,USD
EOLS,SMART,USD
CBAH,SMART,USD
SPGS,SMART,USD
LMRK,SMART,USD
KZR,SMART,USD
TTSH,SMART,USD
EBET,SMART,USD
AMSC,SMART,USD
ATOS,SMART,USD
ZIXI,SMART,USD
EVLO,SMART,USD
TWND,SMART,USD
PRVB,SMART,USD
GNUS,SMART,USD
SBTX,SMART,USD
OIS,SMART,USD
STXS,SMART,USD
PDSB,SMART,USD
TRUE,SMART,USD
TTI,SMART,USD
SVFC,SMART,USD
CLPT,SMART,USD
AGIL,SMART,USD
ATAX,SMART,USD
FORE,SMART,USD
BLFY,SMART,USD
FLL,SMART,USD
ZIOP,SMART,USD
KXIN,SMART,USD
SWBK,SMART,USD
JNCE,SMART,USD
MUDS,SMART,USD
DXLG,SMART,USD
SOLO,SMART,USD
TPGS,SMART,USD
ZYXI,SMART,USD
UONE,SMART,USD
SOI,SMART,USD
TK,SMART,USD
ATCX,SMART,USD
RRGB,SMART,USD
BNFT,SMART,USD
AGFY,SMART,USD
MEC,SMART,USD
AVNW,SMART,USD
LMDX,SMART,USD
ATER,SMART,USD
SIC,SMART,USD
OTLK,SMART,USD
GBOX,SMART,USD
ALTO,SMART,USD
HTPA,SMART,USD
HLBZ,SMART,USD
BDSI,SMART,USD
MTEM,SMART,USD
ARAY,SMART,USD
EPIX,SMART,USD
CAMP,SMART,USD
AXDX,SMART,USD
TUFN,SMART,USD
AWH,SMART,USD
GROY,SMART,USD
INMB,SMART,USD
RVP,SMART,USD
SPPI,SMART,USD
ONDS,SMART,USD
CND,SMART,USD
SURF,SMART,USD
EBON,SMART,USD
UPH,SMART,USD
EJFA,SMART,USD
ENOB,SMART,USD
INVU,SMART,USD
NXU,SMART,USD
ATHA,SMART,USD
ESGC,SMART,USD
III,SMART,USD
LTRPA,SMART,USD
AXTI,SMART,USD
CTSO,SMART,USD
DGNS,SMART,USD
ANY,SMART,USD
HGEN,SMART,USD
FTCV,SMART,USD
PIRS,SMART,USD
VTNR,SMART,USD
AOUT,SMART,USD
CCAC,SMART,USD
VRCA,SMART,USD
NEXT,SMART,USD
CVRX,SMART,USD
TLIS,SMART,USD
KNDI,SMART,USD
IVAN,SMART,USD
SSSS,SMART,USD
ACTG,SMART,USD
FTAA,SMART,USD
CLSD,SMART,USD
CEI,SMART,USD
SBOW,SMART,USD
ESPR,SMART,USD
FCUV,SMART,USD
CTMX,SMART,USD
GOED,SMART,USD
NMTR,SMART,USD
COGT,SMART,USD
CVGI,SMART,USD
VRA,SMART,USD
NR,SMART,USD
KMPH,SMART,USD
RLGT,SMART,USD
AMPE,SMART,USD
TACO,SMART,USD
SIEN,SMART,USD
ATNX,SMART,USD
SCOR,SMART,USD
SNSE,SMART,USD
FF,SMART,USD
LPTX,SMART,USD
TCRR,SMART,USD
LEGO,SMART,USD
EXPR,SMART,USD
VNTR,SMART,USD
LOKB,SMART,USD
OCX,SMART,USD
QMCO,SMART,USD
FLXN,SMART,USD
FBIO,SMART,USD
OYST,SMART,USD
TXMD,SMART,USD
NGL,SMART,USD
AFIB,SMART,USD
NLTX,SMART,USD
GAMB,SMART,USD
AEHR,SMART,USD
BDTX,SMART,USD
GTII,SMART,USD
ATHX,SMART,USD
FOA,SMART,USD
CADL,SMART,USD
LLNW,SMART,USD
YELL,SMART,USD
NNA,SMART,USD
AGS,SMART,USD
GRIN,SMART,USD
INFI,SMART,USD
DRRX,SMART,USD
NCMI,SMART,USD
VINC,SMART,USD
ANGN,SMART,USD
MEIP,SMART,USD
CTXR,SMART,USD
REI,SMART,USD
RGC,SMART,USD
VIRX,SMART,USD
MRMD,SMART,USD
NLS,SMART,USD
STON,SMART,USD
MESA,SMART,USD
CRNT,SMART,USD
CSLT,SMART,USD
HBIO,SMART,USD
CRDF,SMART,USD
BKCC,SMART,USD
VRDN,SMART,USD
VHC,SMART,USD
INSE,SMART,USD
SYRS,SMART,USD
CDZI,SMART,USD
EMKR,SMART,USD
AQB,SMART,USD
GTE,SMART,USD
VOXX,SMART,USD
GSQD,SMART,USD
BBW,SMART,USD
UEPS,SMART,USD
QTNT,SMART,USD
XELA,SMART,USD
CODX,SMART,USD
CKPT,SMART,USD
ICAD,SMART,USD
MYMD,SMART,USD
CTIC,SMART,USD
LHDX,SMART,USD
KIRK,SMART,USD
OBSV,SMART,USD
IMPL,SMART,USD
PBYI,SMART,USD
MTNB,SMART,USD
SMSI,SMART,USD
VIH,SMART,USD
SLDB,SMART,USD
SRZN,SMART,USD
DS,SMART,USD
EAR,SMART,USD
ANVS,SMART,USD
CBAY,SMART,USD
HARP,SMART,USD
PFMT,SMART,USD
XAIR,SMART,USD
HOFV,SMART,USD
BEEM,SMART,USD
PXLW,SMART,USD
ALZN,SMART,USD
OPA,SMART,USD
LIVX,SMART,USD
AVRO,SMART,USD
CFMS,SMART,USD
CABA,SMART,USD
SHIP,SMART,USD
ESEA,SMART,USD
AVTX,SMART,USD
WRAP,SMART,USD
WVE,SMART,USD
SEEL,SMART,USD
FREQ,SMART,USD
MBIO,SMART,USD
BYFC,SMART,USD
OVID,SMART,USD
QUAD,SMART,USD
PANL,SMART,USD
PRTK,SMART,USD
IMNM,SMART,USD
CTRM,SMART,USD
GMDA,SMART,USD
FLGC,SMART,USD
IMAQ,SMART,USD
KCAC,SMART,USD
TCDA,SMART,USD
UAVS,SMART,USD
IMMR,SMART,USD
NNBR,SMART,USD
IBIO,SMART,USD
GLOP,SMART,USD
BCEL,SMART,USD
GALT,SMART,USD
LIFE,SMART,USD
EIGR,SMART,USD
TLMD,SMART,USD
DRIO,SMART,USD
ZENV,SMART,USD
AMPY,SMART,USD
SHMP,SMART,USD
KULR,SMART,USD
ADMS,SMART,USD
AVEO,SMART,USD
ADVM,SMART,USD
PROG,SMART,USD
TRVN,SMART,USD
NVVE,SMART,USD
TNP,SMART,USD
TNXP,SMART,USD
SNCR,SMART,USD
NXTC,SMART,USD
IMUX,SMART,USD
CRVS,SMART,USD
ONCT,SMART,USD
VKIN,SMART,USD
CBAT,SMART,USD
SYBX,SMART,USD
GTBP,SMART,USD
SPOK,SMART,USD
OEG,SMART,USD
AAOI,SMART,USD
APRN,SMART,USD
EPM,SMART,USD
TAST,SMART,USD
DATS,SMART,USD
MICT,SMART,USD
NBEV,SMART,USD
ARYD,SMART,USD
OSG,SMART,USD
TFFP,SMART,USD
LFMD,SMART,USD
GNLN,SMART,USD
HRTG,SMART,USD
OTRK,SMART,USD
SGTX,SMART,USD
ATNF,SMART,USD
HYRE,SMART,USD
CRMD,SMART,USD
FLNT,SMART,USD
QUBT,SMART,USD
LTRX,SMART,USD
KALA,SMART,USD
HOOK,SMART,USD
CSPR,SMART,USD
RCAT,SMART,USD
TYME,SMART,USD
ZYNE,SMART,USD
EGY,SMART,USD
ENLV,SMART,USD
STIM,SMART,USD
ATNM,SMART,USD
GMTX,SMART,USD
MBII,SMART,USD
CASI,SMART,USD
IVC,SMART,USD
SUNW,SMART,USD
PED,SMART,USD
HMLP,SMART,USD
AQST,SMART,USD
ORN,SMART,USD
EMAN,SMART,USD
XERS,SMART,USD
UIHC,SMART,USD
OPTN,SMART,USD
UBX,SMART,USD
SMED,SMART,USD
SIOX,SMART,USD
APTX,SMART,USD
XSPA,SMART,USD
HDSN,SMART,USD
ETTX,SMART,USD
ASMB,SMART,USD
TTOO,SMART,USD
SRGA,SMART,USD
NOVN,SMART,USD
SESN,SMART,USD
CALA,SMART,USD
HTBX,SMART,USD
SVRA,SMART,USD
ADMA,SMART,USD
ADMP,SMART,USD
MOXC,SMART,USD
GMBL,SMART,USD
WTER,SMART,USD
DYAI,SMART,USD
PHAS,SMART,USD
RESN,SMART,USD
EXTN,SMART,USD
ASC,SMART,USD
FTFT,SMART,USD
DPW,SMART,USD
SLS,SMART,USD
KOSS,SMART,USD
LQDA,SMART,USD
AQMS,SMART,USD
ANIX,SMART,USD
ELVT,SMART,USD
SBBP,SMART,USD
UGRO,SMART,USD
ELOX,SMART,USD
MRKR,SMART,USD
BTCY,SMART,USD
SRAX,SMART,USD
ARDX,SMART,USD
PAYS,SMART,USD
BOXL,SMART,USD
MRIN,SMART,USD
WATT,SMART,USD
VERB,SMART,USD
VERO,SMART,USD
BTCS,SMART,USD
MLSS,SMART,USD
CYCN,SMART,USD
VBLT,SMART,USD
VTVT,SMART,USD
ARC,SMART,USD
GNPX,SMART,USD
CRBP,SMART,USD
CBIO,SMART,USD
EYEN,SMART,USD
EQOS,SMART,USD
EYES,SMART,USD
ETON,SMART,USD
LCI,SMART,USD
AYRO,SMART,USD
AGTC,SMART,USD
WWR,SMART,USD
OESX,SMART,USD
IZEA,SMART,USD
ACRX,SMART,USD
HIL,SMART,USD
LODE,SMART,USD
SCYX,SMART,USD
OPTT,SMART,USD
SPI,SMART,USD
HEPA,SMART,USD
ODT,SMART,USD
YTRA,SMART,USD
GORO,SMART,USD
COMS,SMART,USD
RGS,SMART,USD
UNRV,SMART,USD
DARE,SMART,USD
ELYS,SMART,USD
GNCA,SMART,USD
IFRX,SMART,USD
NEON,SMART,USD
EVFM,SMART,USD
ENG,SMART,USD
GSMG,SMART,USD
AREC,SMART,USD
ABEO,SMART,USD
SLGG,SMART,USD
ATXS,SMART,USD
BTTR,SMART,USD
VTSI,SMART,USD
ITRM,SMART,USD
YMTX,SMART,USD
CDTX,SMART,USD
MKTY,SMART,USD
GLYC,SMART,USD
EVGN,SMART,USD
OPGN,SMART,USD
APRE,SMART,USD
PHX,SMART,USD
JAGX,SMART,USD
PTN,SMART,USD
MARK,SMART,USD
SIEB,SMART,USD
ALF,SMART,USD
XCUR,SMART,USD
OTIC,SMART,USD
HLYK,SMART,USD
MDVL,SMART,USD
WTRH,SMART,USD
DSS,SMART,USD
COCP,SMART,USD
VYGR,SMART,USD
PETZ,SMART,USD
INPX,SMART,USD
DOGZ,SMART,USD
IPW,SMART,USD
VVPR,SMART,USD
NVNO,SMART,USD
TISI,SMART,USD
ALRN,SMART,USD
POAI,SMART,USD
REPH,SMART,USD
AEI,SMART,USD
TKAT,SMART,USD
AIM,SMART,USD
DLPN,SMART,USD
LPCN,SMART,USD
CRXT,SMART,USD
FTK,SMART,USD
UAMY,SMART,USD
IPIX,SMART,USD
BIOL,SMART,USD
TYHT,SMART,USD
VVOS,SMART,USD
AGRX,SMART,USD
HNRG,SMART,USD
MTCR,SMART,USD
EDSA,SMART,USD
CAPR,SMART,USD
HYMC,SMART,USD
ISR,SMART,USD
LQMT,SMART,USD
SNT,SMART,USD
CTHR,SMART,USD
MDIA,SMART,USD
APT,SMART,USD
SNMP,SMART,USD
GANX,SMART,USD
OCUP,SMART,USD
EJH,SMART,USD
VISL,SMART,USD
VLN,SMART,USD
SALM,SMART,USD
BRQS,SMART,USD
NM,SMART,USD
VGZ,SMART,USD
MINM,SMART,USD
ADIL,SMART,USD
CHEK,SMART,USD
ONCS,SMART,USD
PALT,SMART,USD
ZSAN,SMART,USD
PSTI,SMART,USD
AYTU,SMART,USD
FLUX,SMART,USD
REFR,SMART,USD
INUV,SMART,USD
OCG,SMART,USD
MBRX,SMART,USD
ADOM,SMART,USD
CSCW,SMART,USD
CLSN,SMART,USD
DMAC,SMART,USD
VOLT,SMART,USD
VRAR,SMART,USD
BMRA,SMART,USD
INTV,SMART,USD
BASA,SMART,USD
ZKIN,SMART,USD
ECOR,SMART,USD
GRVI,SMART,USD
RNWK,SMART,USD
KERN,SMART,USD
ISUN,SMART,USD
AVCO,SMART,USD
ONTX,SMART,USD
TCON,SMART,USD
SYPR,SMART,USD
JCS,SMART,USD
IGC,SMART,USD
ADXS,SMART,USD
SCPS,SMART,USD
CGRN,SMART,USD
RCON,SMART,USD
KBLB,SMART,USD
AIKI,SMART,USD
OMQS,SMART,USD
OGEN,SMART,USD
ALNA,SMART,USD
SLNO,SMART,USD
VYNE,SMART,USD
WKSP,SMART,USD
RAIL,SMART,USD
NDRA,SMART,USD
CPOP,SMART,USD
CLBS,SMART,USD
AESE,SMART,USD
GRAY,SMART,USD
RCMT,SMART,USD
SFOR,SMART,USD
INTZ,SMART,USD
ENSC,SMART,USD
AVGR,SMART,USD
CEMI,SMART,USD
POLA,SMART,USD
PHUN,SMART,USD
AUMN,SMART,USD
SBET,SMART,USD
USWS,SMART,USD
GLG,SMART,USD
NERV,SMART,USD
DTEA,SMART,USD
FAMI,SMART,USD
PMCB,SMART,USD
TBLT,SMART,USD
FPAY,SMART,USD
PME,SMART,USD
CLIR,SMART,USD
AUVI,SMART,USD
RWLK,SMART,USD
PRPO,SMART,USD
TOPS,SMART,USD
IQST,SMART,USD
BBI,SMART,USD
DGLY,SMART,USD
CARV,SMART,USD
SBEV,SMART,USD
SYN,SMART,USD
TRKA,SMART,USD
RGLS,SMART,USD
CWBR,SMART,USD
NBRV,SMART,USD
BIOC,SMART,USD
TLSS,SMART,USD
IFBD,SMART,USD
AEMD,SMART,USD
BWEN,SMART,USD
LPTH,SMART,USD
NINE,SMART,USD
PLX,SMART,USD
RVPH,SMART,USD
SNPX,SMART,USD
NRBO,SMART,USD
CLRB,SMART,USD
AVCT,SMART,USD
ABVC,SMART,USD
WINT,SMART,USD
STMH,SMART,USD
NURO,SMART,USD
IDRA,SMART,USD
MITI,SMART,USD
REED,SMART,USD
VRPX,SMART,USD
AAU,SMART,USD
PBTS,SMART,USD
RMTI,SMART,USD
UPC,SMART,USD
PTE,SMART,USD
FTEK,SMART,USD
QGSI,SMART,USD
JOB,SMART,USD
SEAC,SMART,USD
BGI,SMART,USD
DFFN,SMART,USD
ACOR,SMART,USD
CCNC,SMART,USD
ASTC,SMART,USD
NNVC,SMART,USD
OTLC,SMART,USD
BCDA,SMART,USD
CYCC,SMART,USD
ZNOG,SMART,USD
DTSS,SMART,USD
IKT,SMART,USD
NMTC,SMART,USD
BAOS,SMART,USD
BSQR,SMART,USD
VLON,SMART,USD
BXRX,SMART,USD
XERI,SMART,USD
SKYE,SMART,USD
JZXN,SMART,USD
RKDA,SMART,USD
METX,SMART,USD
ELTP,SMART,USD
CYRN,SMART,USD
TENX,SMART,USD
NETE,SMART,USD
NAOV,SMART,USD
BLGO,SMART,USD
ENVB,SMART,USD
QUMU,SMART,USD
RSLS,SMART,USD
PULM,SMART,USD
SLRX,SMART,USD
GRNQ,SMART,USD
KRBP,SMART,USD
CETY,SMART,USD
UTME,SMART,USD
CUEN,SMART,USD
INDP,SMART,USD
SNGX,SMART,USD
KLXE,SMART,USD
PLIN,SMART,USD
FBRX,SMART,USD
UNCY,SMART,USD
MOSY,SMART,USD
CNET,SMART,USD
PLAG,SMART,USD
WISA,SMART,USD
IO,SMART,USD
RDGL,SMART,USD
CNSP,SMART,USD
GROM,SMART,USD
APDN,SMART,USD
ASRT,SMART,USD
AMST,SMART,USD
EVOK,SMART,USD
SDPI,SMART,USD
EZGO,SMART,USD
TAOP,SMART,USD
ATIF,SMART,USD
ZIVO,SMART,USD
BHTG,SMART,USD
ITP,SMART,USD
SONN,SMART,USD
SGMA,SMART,USD
QLGN,SMART,USD
SINO,SMART,USD
RNAZ,SMART,USD
BPTH,SMART,USD
KTRA,SMART,USD
NXTD,SMART,USD
CRTD,SMART,USD
GBS,SMART,USD
ATAO,SMART,USD
LEDS,SMART,USD
OLB,SMART,USD
EEIQ,SMART,USD
ADTX,SMART,USD
BTB,SMART,USD
AIHS,SMART,USD
TLGT,SMART,USD
AIRI,SMART,USD
BLIN,SMART,USD
LTUM,SMART,USD
MOTS,SMART,USD
AGRI,SMART,USD
DBGI,SMART,USD
BHAT,SMART,USD
GHSI,SMART,USD
NSPR,SMART,USD
DSGT,SMART,USD
LEXX,SMART,USD
TMBR,SMART,USD
PALI,SMART,USD
UFAB,SMART,USD
JUPW,SMART,USD
XPL,SMART,USD
SNTG,SMART,USD
OSAT,SMART,USD
PTIX,SMART,USD
HSTO,SMART,USD
SINT,SMART,USD
CXDC,SMART,USD
PIXY,SMART,USD
GLBS,SMART,USD
GMVD,SMART,USD
KAVL,SMART,USD
SGRP,SMART,USD
HAPP,SMART,USD
PXS,SMART,USD
BRN,SMART,USD
PSTV,SMART,USD
MITQ,SMART,USD
DTST,SMART,USD
AUUD,SMART,USD
BNTC,SMART,USD
PPSI,SMART,USD
PRFX,SMART,USD
ARTH,SMART,USD
TANH,SMART,USD
TIRX,SMART,USD
HOTH,SMART,USD
VPLM,SMART,USD
BKYI,SMART,USD
TOMDF,SMART,USD
GIGM,SMART,USD
AHPI,SMART,USD
RIBT,SMART,USD
NBY,SMART,USD
GMER,SMART,USD
WARM,SMART,USD
BMIX,SMART,USD
CJJD,SMART,USD
VINO,SMART,USD
PHIO,SMART,USD
GAXY,SMART,USD
CYTO,SMART,USD
GOVX,SMART,USD
FWBI,SMART,USD
CVSI,SMART,USD
PVCT,SMART,USD
PETV,SMART,USD
PHCF,SMART,USD
EYEG,SMART,USD
STAF,SMART,USD
LMFA,SMART,USD
VYST,SMART,USD
VIVE,SMART,USD
CRTG,SMART,USD
BLCM,SMART,USD
DYNT,SMART,USD
SSFT,SMART,USD
CETX,SMART,USD
WORX,SMART,USD
CPHI,SMART,USD
RAVE,SMART,USD
YVR,SMART,USD
HUSA,SMART,USD
GNBT,SMART,USD
NUWE,SMART,USD
NVIV,SMART,USD
GBR,SMART,USD
TPTW,SMART,USD
USEG,SMART,USD
GPFT,SMART,USD
SONM,SMART,USD
CTEK,SMART,USD
RMED,SMART,USD
IINN,SMART,USD
MYSZ,SMART,USD
BIMI,SMART,USD
IPDN,SMART,USD
XBIO,SMART,USD
SPCB,SMART,USD
GRIL,SMART,USD
TSRI,SMART,USD
RETO,SMART,USD
SURG,SMART,USD
ARTL,SMART,USD
NGTF,SMART,USD
SSY,SMART,USD
SHRG,SMART,USD
IINX,SMART,USD
UNAM,SMART,USD
SYTA,SMART,USD
RXMD,SMART,USD
ENSV,SMART,USD
AEHL,SMART,USD
WRHLF,SMART,USD
JAN,SMART,USD
SGSI,SMART,USD
HIHO,SMART,USD
MGTI,SMART,USD
SNOA,SMART,USD
INM,SMART,USD
SXTC,SMART,USD
NVFY,SMART,USD
EDTK,SMART,USD
IPSI,SMART,USD
SRNA,SMART,USD
MHTX,SMART,USD
KGKG,SMART,USD
STRR,SMART,USD
CLEU,SMART,USD
FSSN,SMART,USD
BWMG,SMART,USD
CVAT,SMART,USD
KBSF,SMART,USD
UUU,SMART,USD
IWSY,SMART,USD
DTGI,SMART,USD
GBLX,SMART,USD
TAUG,SMART,USD
ADMQ,SMART,USD
CTIB,SMART,USD
SPYR,SMART,USD
QPRC,SMART,USD
AMMJ,SMART,USD
ENRT,SMART,USD
CBDY,SMART,USD
SING,SMART,USD
RIII,SMART,USD
ABQQ,SMART,USD
SMME,SMART,USD
EMED,SMART,USD
TGHI,SMART,USD
DGWR,SMART,USD
AMIH,SMART,USD
PHOT,SMART,USD
BEGI,SMART,USD
PRCX,SMART,USD
CPWR,SMART,USD
ENDV,SMART,USD
IMII,SMART,USD
PPCB,SMART,USD
GOOGL,SMART,USD
BRK B,SMART,USD
ASML,SMART,USD
BB,SMART,USD
GOLD,SMART,USD
CNI,SMART,USD
LBRDK,SMART,USD
CP,SMART,USD
MTD,SMART,USD
ENB,SMART,USD
MT,SMART,USD
UAA,SMART,USD
DISCK,SMART,USD
SU,SMART,USD
NTR,SMART,USD
LSPD,SMART,USD
TD,SMART,USD
MGA,SMART,USD
RY,SMART,USD
NVR,SMART,USD
TYL,SMART,USD
FOXA,SMART,USD
BIO,SMART,USD
LOGI,SMART,USD
CENQU,SMART,USD
CNQ,SMART,USD
BNS,SMART,USD
WPM,SMART,USD
XEC,SMART,USD
CABO,SMART,USD
FNV,SMART,USD
KGC,SMART,USD
WCN,SMART,USD
CVE,SMART,USD
BMO,SMART,USD
AEM,SMART,USD
STM,SMART,USD
MFC,SMART,USD
TRP,SMART,USD
MKL,SMART,USD
CCJ,SMART,USD
LBTYK,SMART,USD
STLA,SMART,USD
BHC,SMART,USD
NWSA,SMART,USD
CGC,SMART,USD
KL,SMART,USD
COHR,SMART,USD
KCGI U,SMART,USD
PAAS,SMART,USD
BCE,SMART,USD
RACE,SMART,USD
CM,SMART,USD
BF B,SMART,USD
AUY,SMART,USD
BLDP,SMART,USD
AVXL,SMART,USD
LAC,SMART,USD
ALC,SMART,USD
AG,SMART,USD
ZG,SMART,USD
XRX,SMART,USD
CNHI,SMART,USD
AACIU,SMART,USD
CACI,SMART,USD
APMIU,SMART,USD
FCNCA,SMART,USD
GRA,SMART,USD
DB,SMART,USD
PHG,SMART,USD
ARCC,SMART,USD
HELE,SMART,USD
WSO,SMART,USD
CNXC,SMART,USD
CHE,SMART,USD
TRI,SMART,USD
Y,SMART,USD
UHAL,SMART,USD
LSXMK,SMART,USD
FWONK,SMART,USD
SCR,SMART,USD
ALGT,SMART,USD
UBS,SMART,USD
ACB,SMART,USD
AQN,SMART,USD
ALIT,SMART,USD
GPI,SMART,USD
LSXMA,SMART,USD
GSHD,SMART,USD
GFL,SMART,USD
PBA,SMART,USD
SLF,SMART,USD
VCXAU,SMART,USD
JPM PRM,SMART,USD
AFTR U,SMART,USD
WFG,SMART,USD
BTG,SMART,USD
TFII,SMART,USD
BITF,SMART,USD
BCTX,SMART,USD
LCII,SMART,USD
MEDS,SMART,USD
VMI,SMART,USD
HEI A,SMART,USD
MSEX,SMART,USD
MED,SMART,USD
RBA,SMART,USD
MORN,SMART,USD
THG,SMART,USD
WQGA U,SMART,USD
OTEX,SMART,USD
LFUS,SMART,USD
WTS,SMART,USD
UI,SMART,USD
TU,SMART,USD
LDL,SMART,USD
RVACU,SMART,USD
HUT,SMART,USD
ANAT,SMART,USD
DHR PRA,SMART,USD
AGI,SMART,USD
KRTX,SMART,USD
PRI,SMART,USD
KNSL,SMART,USD
WDFC,SMART,USD
ENTX,SMART,USD
WHLM,SMART,USD
IDCC,SMART,USD
WTM,SMART,USD
GHC,SMART,USD
PRMW,SMART,USD
OGI,SMART,USD
FSM,SMART,USD
JPM PRL,SMART,USD
AQNU,SMART,USD
HSKA,SMART,USD
DHR PRB,SMART,USD
WFC PRD,SMART,USD
DOOR,SMART,USD
DPLS,SMART,USD
SSD,SMART,USD
IPA,SMART,USD
BAC PRL,SMART,USD
AHPAU,SMART,USD
VRTS,SMART,USD
RCI,SMART,USD
CPAAU,SMART,USD
LANC,SMART,USD
TPST,SMART,USD
CXW,SMART,USD
BOTZ,SMART,USD
FTS,SMART,USD
OXACU,SMART,USD
RGR,SMART,USD
IMO,SMART,USD
CRON,SMART,USD
DCRDU,SMART,USD
UUUU,SMART,USD
VRTV,SMART,USD
KALU,SMART,USD
ROG,SMART,USD
GIL,SMART,USD
AIT,SMART,USD
BPYPM,SMART,USD
VICR,SMART,USD
CPG,SMART,USD
PATK,SMART,USD
COKE,SMART,USD
NEU,SMART,USD
APPF,SMART,USD
MSA,SMART,USD
GATX,SMART,USD
RLI,SMART,USD
TRQ,SMART,USD
BCPC,SMART,USD
ITGR,SMART,USD
FIX,SMART,USD
MYRG,SMART,USD
MDGL,SMART,USD
HOV,SMART,USD
EXK,SMART,USD
HEXO,SMART,USD
PVG,SMART,USD
STFC,SMART,USD
VET,SMART,USD
KWR,SMART,USD
HCI,SMART,USD
NBR,SMART,USD
EGO,SMART,USD
FWRD,SMART,USD
LBRDA,SMART,USD
JJSF,SMART,USD
SFBS,SMART,USD
BMI,SMART,USD
CUTR,SMART,USD
TTEC,SMART,USD
LGF B,SMART,USD
VYGVF,SMART,USD
FRC PRM,SMART,USD
UNF,SMART,USD
PJT,SMART,USD
TRTL U,SMART,USD
WIRE,SMART,USD
HBM,SMART,USD
ERIE,SMART,USD
ADUS,SMART,USD
ESE,SMART,USD
IGMS,SMART,USD
HWELU,SMART,USD
NOVT,SMART,USD
GIB,SMART,USD
QADA,SMART,USD
WPRT,SMART,USD
EVK,SMART,USD
PLMR,SMART,USD
IOSP,SMART,USD
COHN,SMART,USD
MANT,SMART,USD
MODV,SMART,USD
CMPR,SMART,USD
IAG,SMART,USD
IBTX,SMART,USD
WFC PRL,SMART,USD
MXCT,SMART,USD
SAND,SMART,USD
PIPR,SMART,USD
ESGR,SMART,USD
VFF,SMART,USD
IKNX,SMART,USD
BEP,SMART,USD
FRO,SMART,USD
MTX,SMART,USD
SJR,SMART,USD
OSIS,SMART,USD
PSA PRP,SMART,USD
DNN,SMART,USD
RUSHA,SMART,USD
EURN,SMART,USD
OXBR,SMART,USD
NVMI,SMART,USD
COF PRN,SMART,USD
PLXS,SMART,USD
NTP,SMART,USD
MAG,SMART,USD
CVCO,SMART,USD
PPHPU,SMART,USD
AIN,SMART,USD
ERF,SMART,USD
CAE,SMART,USD
SSBK,SMART,USD
SOLY,SMART,USD
CNS,SMART,USD
ROCK,SMART,USD
AEG,SMART,USD
DORM,SMART,USD
FBK,SMART,USD
MOGO,SMART,USD
CRMT,SMART,USD
NEE PRP,SMART,USD
ALCC,SMART,USD
CENTA,SMART,USD
LNN,SMART,USD
MTAL U,SMART,USD
STC,SMART,USD
BON,SMART,USD
LMAT,SMART,USD
SCL,SMART,USD
CNTQU,SMART,USD
HLIO,SMART,USD
EGBN,SMART,USD
ROAD,SMART,USD
ARGO,SMART,USD
EBIX,SMART,USD
CIGI,SMART,USD
MEOH,SMART,USD
CWEN A,SMART,USD
PONOU,SMART,USD
MTRN,SMART,USD
CSGS,SMART,USD
LILAK,SMART,USD
PCGU,SMART,USD
UPLD,SMART,USD
PLUS,SMART,USD
DOOO,SMART,USD
ASTE,SMART,USD
MGRC,SMART,USD
BAMR,SMART,USD
ESTA,SMART,USD
OR,SMART,USD
ENIC,SMART,USD
SSO,SMART,USD
MUFG,SMART,USD
NVS,SMART,USD
LYG,SMART,USD
TAC,SMART,USD
AMX,SMART,USD
DOYU,SMART,USD
JHX,SMART,USD
LPL,SMART,USD
DISCB,SMART,USD
TV,SMART,USD
WF,SMART,USD
SMFG,SMART,USD
BXP,SMART,USD
NOK,SMART,USD
TARO,SMART,USD
SQM,SMART,USD
BNTX,SMART,USD
NNI,SMART,USD
TKC,SMART,USD
RELX,SMART,USD
SPY,SMART,USD
UL,SMART,USD
GLL,SMART,USD
BUD,SMART,USD
DAVA,SMART,USD
GGB,SMART,USD
LBTYB,SMART,USD
LTRPB,SMART,USD
QRTEB,SMART,USD
ZLAB,SMART,USD
FSV,SMART,USD
CIXX,SMART,USD
KEP,SMART,USD
TX,SMART,USD
NWG,SMART,USD
WNS,SMART,USD
BBVA,SMART,USD
VOD,SMART,USD
TEF,SMART,USD
SONY,SMART,USD
DSGX,SMART,USD
ABEV,SMART,USD
HTHT,SMART,USD
ARGX,SMART,USD
GMAB,SMART,USD
PSO,SMART,USD
BSMX,SMART,USD
JOBS,SMART,USD
SUZ,SMART,USD
DADA,SMART,USD
E,SMART,USD
USM,SMART,USD